MSSubClass,LotFrontage,LotArea,OverallQual,OverallCond,YearBuilt,YearRemodAdd,BsmtFinSF1,BsmtUnfSF,TotalBsmtSF,1stFlrSF,GrLivArea,FullBath,BedroomAbvGr,TotRmsAbvGrd,GarageYrBlt,GarageCars,GarageArea,OpenPorchSF,YrSold
20,64,7406,7,5,2006,2006,684,515,1199,1220,1220,2,2,6,2006,2,632,54,2006
50,52,9439,5,5,1930,1950,324,588,912,912,1248,1,2,6,1957,1,160,0,2007
120,43,3182,7,5,2005,2006,16,1330,1346,1504,1504,2,2,7,2005,2,437,20,2008
20,NA,15498,8,6,1976,1976,1165,0,1565,2898,2898,2,2,10,1976,2,665,72,2008
20,70,7700,5,5,1972,1972,138,276,882,882,882,1,3,5,1980,2,461,0,2007
20,73,9300,5,5,1960,1960,697,571,1268,1264,1264,1,3,6,1960,2,461,0,2010
20,71,9520,8,5,2007,2008,1513,125,1638,1646,1646,2,3,7,2008,3,800,44,2008
50,79,9492,5,5,1941,1950,368,359,768,968,1376,1,3,6,1941,1,240,0,2007
160,21,1680,6,7,1972,1972,317,355,672,672,1218,1,3,7,1972,1,264,28,2006
190,NA,7082,5,8,1916,1995,0,686,686,948,1928,2,5,10,NA,0,0,0,2006
75,102,15863,7,3,1920,1970,523,301,824,1687,3082,2,5,12,1970,2,672,63,2009
60,NA,14541,8,7,1993,1993,1012,326,1338,1352,2520,2,5,10,1993,3,796,55,2006
20,NA,8125,7,5,2002,2002,986,668,1654,1654,1654,2,3,6,2002,3,900,136,2006
30,50,6305,5,7,1938,1950,0,920,920,954,954,1,2,5,1938,1,240,0,2007
20,NA,11500,4,3,1957,1957,0,0,0,845,845,1,3,5,1957,1,290,0,2009
20,89,12898,9,5,2007,2008,1022,598,1620,1620,1620,2,2,6,2008,3,912,0,2009
60,NA,9240,8,5,2001,2002,0,1055,1055,1055,2263,2,3,7,2001,2,905,45,2008
160,21,1533,4,6,1970,2008,0,546,546,798,1344,1,3,6,NA,0,0,0,2009
180,21,1477,4,4,1970,1970,509,121,630,630,630,1,1,3,1970,1,286,0,2009
20,88,13125,5,4,1957,2000,168,284,1134,1803,1803,2,3,8,1957,2,484,0,2006
60,NA,9130,6,8,1966,2000,400,336,800,800,1632,1,4,7,1966,2,484,40,2008
120,34,5381,6,5,2005,2005,900,406,1306,1306,1306,2,1,5,2005,2,624,63,2009
60,86,11839,7,5,1990,1990,1085,390,1475,1532,2329,2,4,10,1990,2,514,121,2008
20,80,9600,8,5,1981,1981,1104,1420,2524,2524,2524,2,4,9,1981,2,542,120,2009
20,NA,13680,3,5,1955,1955,0,0,0,1733,1733,2,4,8,1955,2,452,0,2009
60,85,16056,9,5,2005,2006,240,1752,1992,1992,2868,3,4,11,2005,3,716,108,2006
20,57,9245,5,5,1994,1995,686,304,990,990,990,1,3,5,1996,2,672,0,2008
20,100,21750,5,4,1960,2006,0,0,0,1771,1771,1,3,9,1960,2,336,0,2009
20,60,11100,4,7,1946,2006,0,0,0,930,930,1,2,6,1946,1,308,0,2010
20,73,8993,7,5,2007,2007,0,1302,1302,1302,1302,2,3,6,2007,2,436,22,2007
20,103,11175,7,5,2007,2007,0,1316,1316,1316,1316,2,3,6,2007,2,440,20,2007
60,100,9500,6,6,1964,1978,442,374,816,1127,1977,1,4,9,1964,2,540,52,2007
20,68,8562,5,6,1957,2002,383,833,1216,1526,1526,1,4,7,1957,1,364,78,2010
60,90,11367,8,5,2002,2002,932,133,1065,1091,1989,2,3,7,2002,2,586,60,2006
20,104,11361,6,5,1976,1976,644,549,1193,1523,1523,2,3,7,1976,2,478,0,2008
120,43,7052,7,5,2005,2005,659,705,1364,1364,1364,2,2,6,2005,2,484,36,2006
60,NA,29959,7,6,1994,1994,595,378,973,979,1850,2,3,7,1994,2,467,98,2009
60,96,11308,9,5,2008,2008,936,168,1104,1130,2184,2,3,10,2008,3,836,102,2009
50,NA,11275,6,7,1932,1950,297,0,854,1096,1991,1,3,7,1977,2,432,0,2007
120,41,4920,8,5,2001,2001,616,722,1338,1338,1338,2,2,6,2001,2,582,0,2010
30,120,18000,3,4,1935,1950,0,894,894,894,894,1,2,6,1994,3,1248,20,2008
190,85,13600,5,5,1900,1950,0,662,662,1422,2337,2,5,10,1945,2,560,57,2007
30,50,6000,6,6,1925,1980,397,706,1103,1103,1103,1,2,5,1976,2,440,120,2006
20,NA,11000,5,6,1966,1966,740,184,1154,1154,1154,1,3,6,1966,2,480,58,2009
60,80,14000,7,5,1996,1997,1201,105,1306,1306,2260,2,3,7,1996,2,533,44,2010
60,59,7837,6,7,1993,1994,0,799,799,799,1571,2,3,7,1993,2,380,40,2009
60,80,9760,6,6,1964,1964,674,0,780,798,1611,1,4,7,1964,2,442,128,2008
160,42,3964,6,4,1973,1973,837,105,942,1291,2521,2,5,10,1973,2,576,20,2006
45,60,9600,5,7,1949,2003,220,625,845,893,893,1,2,4,1985,2,576,0,2007
20,72,10152,5,5,1956,1956,586,462,1048,1048,1048,1,3,6,1956,1,286,20,2007
60,78,11700,6,6,1968,1968,298,429,727,829,1556,1,4,8,1968,2,441,0,2009
50,50,7585,5,3,1948,1950,0,810,810,1002,1456,1,4,7,1954,1,280,0,2006
60,75,7950,6,6,1977,1977,535,155,690,698,1426,1,3,6,1977,2,440,0,2009
20,74,8556,7,5,2006,2006,0,1240,1240,1240,1240,2,2,5,2006,3,826,93,2007
70,75,13125,7,6,1940,1984,410,390,800,960,1740,1,3,6,1940,1,240,0,2007
50,60,10800,5,8,1936,1989,626,170,796,1096,1466,2,3,7,1950,2,566,21,2006
20,NA,15870,5,5,1969,1969,75,230,1096,1096,1096,1,3,6,1969,1,299,32,2006
120,37,4435,6,5,2004,2004,662,186,848,848,848,1,1,3,2004,2,420,0,2006
20,65,8775,5,5,1994,1994,495,495,990,990,990,1,3,5,1996,1,299,64,2007
20,80,11040,6,7,1971,2004,656,602,1258,1258,1258,2,3,5,1971,2,528,0,2008
20,75,7500,5,5,1963,1963,824,216,1040,1040,1040,1,3,5,1963,1,308,0,2010
20,70,8749,7,5,2002,2002,0,1459,1459,1459,1459,2,3,6,2002,2,527,39,2007
20,80,8800,6,6,1964,1964,553,698,1251,1251,1251,1,3,6,1964,1,461,116,2006
60,NA,13031,6,5,1995,1996,592,99,691,691,1498,2,3,6,1995,2,409,44,2006
85,73,9069,6,6,1992,1992,747,189,936,996,996,1,2,5,1992,2,564,0,2010
160,NA,1974,4,5,1973,1973,334,212,546,546,1092,1,3,6,1973,1,286,96,2010
60,85,10574,8,5,2005,2006,0,1082,1082,1082,1953,2,3,9,2005,3,1043,50,2009
160,24,2522,7,5,2004,2004,0,970,970,970,1709,2,3,7,2004,2,380,40,2006
120,37,3316,8,5,2005,2005,1039,208,1247,1247,1247,1,1,4,2005,2,550,84,2006
90,60,8544,3,4,1950,1950,0,0,0,1040,1040,2,2,6,1987,2,400,0,2009
160,24,2160,7,5,1999,2000,510,90,600,624,1252,2,2,4,1999,2,462,48,2008
50,60,8400,6,5,1925,1950,423,758,1181,1390,1694,2,4,7,1925,2,576,0,2008
20,71,9230,5,8,1965,1998,661,203,864,1200,1200,1,1,6,1977,2,884,64,2006
20,74,5868,5,7,1956,2000,248,448,936,936,936,1,2,4,1956,1,308,0,2010
20,78,9317,6,5,2006,2006,24,1290,1314,1314,1314,2,3,6,2006,2,440,22,2007
70,60,6882,6,7,1914,2006,0,684,684,773,1355,1,3,7,NA,0,0,0,2007
120,NA,3696,8,5,1986,1986,0,1074,1074,1088,1088,1,2,5,1987,2,461,74,2007
50,50,6000,4,6,1936,1950,672,0,672,757,1324,1,3,6,1936,1,240,0,2009
20,82,11880,7,5,1978,1978,704,567,1271,1601,1601,2,3,7,1978,2,478,0,2009
30,60,8400,2,5,1920,1950,290,0,290,438,438,1,1,3,1930,1,246,0,2009
20,61,9758,5,5,1971,1971,412,251,950,950,950,1,3,5,1981,1,280,0,2007
20,70,7000,5,7,1960,2002,588,422,1010,1134,1134,1,2,6,1960,1,254,16,2007
20,79,8910,6,6,1959,1959,655,0,655,1194,1194,1,3,6,1954,2,539,0,2006
160,24,2016,5,5,1970,1970,0,630,630,630,1302,2,3,6,1970,2,440,0,2007
60,98,12256,8,5,1994,1995,1032,431,1463,1500,2622,2,3,9,1994,2,712,32,2010
20,114,10357,7,5,1990,1991,738,172,910,1442,1442,2,3,6,1990,2,719,244,2007
60,168,23257,7,5,2006,2006,0,868,868,887,2021,2,3,9,2006,2,422,100,2006
60,NA,8063,6,5,2000,2000,0,924,924,948,1690,2,3,7,2000,2,463,48,2007
20,107,11362,8,5,2004,2005,1039,797,1836,1836,1836,2,3,7,2004,3,862,185,2009
60,NA,8000,6,5,1995,1996,219,554,773,773,1658,2,3,8,1995,2,431,84,2008
60,80,10480,7,6,1976,1976,403,400,803,1098,1964,2,4,8,1976,2,483,69,2008
20,73,7100,5,7,1957,1957,708,108,816,816,816,1,2,5,1957,1,308,0,2006
20,66,8923,5,7,1953,2006,643,365,1008,1008,1008,1,2,6,1953,1,240,18,2007
20,90,5400,5,7,1954,2000,415,418,833,833,833,1,2,4,1955,1,326,0,2006
20,93,12085,8,5,2007,2007,1004,730,1734,1734,1734,2,3,7,2007,3,928,0,2007
80,NA,7750,8,5,2002,2002,353,55,408,779,1419,2,3,7,2002,2,527,0,2009
20,57,9764,5,7,1967,2003,702,192,894,894,894,1,3,5,1967,2,450,0,2008
80,85,13825,5,6,1958,1987,0,533,533,1021,1601,1,3,6,1958,1,300,34,2008
20,70,7560,5,5,1959,1959,369,671,1040,1040,1040,1,3,6,1959,1,286,0,2006
30,59,8263,6,5,1920,1950,0,1012,1012,1012,1012,1,2,6,1920,1,308,22,2007
20,84,10084,7,5,2005,2006,24,1528,1552,1552,1552,2,3,7,2005,3,782,20,2006
20,NA,8926,4,3,1956,1956,0,672,672,960,960,1,3,5,1956,1,288,0,2009
20,50,9405,5,9,1947,2008,0,698,698,698,698,1,2,4,NA,0,0,200,2009
80,NA,9125,7,5,1992,1992,0,384,384,812,1482,2,3,7,1992,2,392,25,2007
20,60,10434,4,5,1955,1955,0,1005,1005,1005,1005,1,2,5,1977,2,672,0,2009
120,53,3684,7,5,2007,2007,0,1373,1373,1555,1555,2,2,7,2007,3,660,20,2009
20,182,14572,7,5,2004,2004,1300,230,1530,1530,1530,2,3,7,2004,3,630,36,2007
60,59,11796,7,5,2004,2005,0,847,847,847,1959,2,4,8,2004,2,434,48,2007
90,60,7200,5,5,1980,1980,936,0,936,936,936,1,2,4,1980,2,672,0,2007
50,65,7804,4,3,1928,1950,622,500,1122,1328,1981,2,4,7,1981,2,576,44,2009
20,63,10712,5,5,1991,1992,212,762,974,974,974,1,3,5,NA,0,0,28,2007
70,90,9900,6,4,1880,1950,0,1008,1008,1178,2210,2,5,8,1930,1,205,48,2007
60,80,9828,8,5,1995,1995,584,544,1128,1142,2020,2,3,8,1995,2,466,155,2009
60,57,8773,6,5,1997,1997,0,916,916,916,1600,2,3,7,1997,2,460,38,2007
30,60,6180,6,5,1926,1950,0,960,960,986,986,1,2,5,1926,1,180,128,2007
50,80,9600,6,5,1950,1950,280,752,1032,1032,1252,1,3,6,1950,1,288,0,2008
50,54,6342,5,8,1875,1996,0,780,780,780,1020,1,2,6,NA,0,0,0,2010
20,NA,9819,6,5,1977,1977,1567,0,1567,1567,1567,2,2,5,1977,2,714,32,2009
30,98,8731,5,5,1920,1950,645,270,915,1167,1167,1,3,6,1972,2,495,0,2007
20,60,7350,5,7,1951,1951,852,100,952,952,952,1,2,4,1988,2,840,0,2008
60,NA,10304,5,7,1976,1976,381,399,780,1088,1868,2,4,9,1976,2,484,96,2009
60,77,9965,8,5,2006,2007,1150,316,1466,1466,2828,3,4,11,2006,3,1052,144,2007
20,NA,9000,5,3,1959,1959,288,718,1006,1006,1006,1,3,5,NA,0,0,24,2008
190,60,12180,4,4,1941,1950,348,324,672,672,924,1,2,5,1941,1,280,0,2010
50,52,6240,5,6,1928,1950,0,1042,1042,1042,1576,1,3,8,1928,1,225,0,2006
20,NA,11200,6,5,1985,1985,1258,40,1298,1298,1298,2,3,5,1985,2,403,26,2006
70,75,12000,7,7,1941,1950,275,429,704,860,1564,1,3,7,1941,1,234,0,2009
50,NA,5700,7,7,1926,1950,0,572,572,572,1111,1,2,5,1982,1,288,0,2008
70,50,9000,7,9,1920,1988,624,26,650,832,1482,1,3,7,1930,2,324,0,2009
20,57,8280,6,5,1950,1950,0,932,932,932,932,1,2,4,1950,1,306,0,2007
20,134,17755,5,4,1959,1959,176,1290,1466,1466,1466,1,3,6,1959,2,528,140,2006
20,90,14115,6,7,1956,2004,296,230,1073,1811,1811,1,2,6,1956,2,470,0,2006
30,NA,5890,6,8,1930,2007,538,278,816,816,816,1,2,5,2002,1,432,0,2008
60,NA,13700,7,6,1965,1988,454,410,864,902,1820,1,4,8,1965,2,492,84,2008
20,90,10768,5,8,1976,2004,1157,280,1437,1437,1437,2,3,6,1976,2,528,21,2007
80,85,9350,5,8,1965,1999,633,586,1219,1265,1265,2,3,6,1965,2,502,92,2008
120,34,5001,7,5,2007,2008,904,410,1314,1314,1314,2,2,6,2008,2,626,62,2009
20,92,11932,8,5,2007,2008,0,1580,1580,1580,1580,2,3,7,2008,3,830,24,2008
60,76,9120,6,6,1974,1974,442,459,901,943,1876,2,4,8,1974,2,540,69,2008
160,24,2280,6,5,1978,1978,311,544,855,855,1456,2,3,7,1978,2,440,0,2010
20,NA,14778,6,7,1954,2006,728,568,1296,1640,1640,1,3,7,1993,2,924,0,2008
20,109,8724,5,5,1968,1968,492,402,894,894,894,1,3,5,1968,2,450,0,2007
90,60,12900,4,4,1969,1969,1198,0,1198,1258,1258,0,0,6,1969,2,400,0,2008
80,NA,16157,5,7,1978,1978,680,289,1360,1432,1432,1,2,5,1978,2,588,180,2007
20,79,9541,7,5,2009,2009,0,1502,1502,1502,1502,2,3,7,2009,2,644,114,2009
20,64,10475,8,5,2008,2008,0,1694,1694,1694,1694,2,3,7,2008,3,776,33,2010
60,58,10852,6,5,2000,2000,786,173,959,959,1671,2,3,7,2000,2,472,38,2006
70,120,13728,6,7,1935,1986,626,501,1127,1236,2108,2,4,7,1935,2,540,0,2008
60,118,35760,10,5,1995,1996,1387,543,1930,1831,3627,3,4,10,1995,3,807,76,2006
80,76,9880,6,6,1977,1977,522,574,1096,1118,1118,1,3,6,1977,1,358,0,2008
20,76,9120,6,6,1958,1958,662,599,1261,1261,1261,1,3,6,1958,2,433,0,2008
160,35,4017,7,5,2006,2007,0,625,625,625,1250,2,2,5,2006,2,625,54,2008
50,138,18030,5,6,1946,1994,152,977,1598,1636,3086,3,3,12,NA,0,0,0,2007
70,80,16560,6,8,1932,1950,503,449,952,1170,2345,2,4,9,1932,2,360,0,2006
50,85,10678,8,5,1992,2000,700,983,1683,2129,2872,2,4,9,1992,2,541,33,2007
20,37,6951,5,5,1984,1985,658,218,876,923,923,1,3,5,1984,1,264,0,2008
50,NA,3950,6,8,1926,2004,468,350,818,818,1224,1,3,5,1926,1,210,0,2009
50,54,7681,5,6,1921,1950,0,731,731,820,1343,1,3,7,1921,1,186,0,2009
20,77,8335,5,5,1954,1954,0,0,0,1124,1124,1,3,5,NA,0,0,36,2006
60,NA,11170,7,5,1990,1991,1216,0,1216,1298,2514,2,4,8,1990,2,693,0,2006
120,64,5587,8,5,2008,2008,1480,120,1600,1652,1652,2,2,5,2008,2,482,53,2008
60,160,15623,10,5,1996,1996,2096,300,2396,2411,4476,3,4,10,1996,3,813,78,2007
30,60,10800,5,6,1920,1950,821,299,1120,1130,1130,1,2,5,1970,2,720,0,2006
20,50,35133,5,4,1963,1963,1159,413,1572,1572,1572,1,3,5,1963,3,995,263,2007
50,60,9738,5,7,1924,1950,392,392,784,949,1221,1,4,7,1965,1,392,0,2006
190,107,10615,3,5,1900,1970,440,538,978,1014,1699,2,3,7,1920,2,420,74,2009
20,89,12461,8,5,1994,1995,1456,168,1624,1624,1624,2,2,5,1994,3,757,114,2006
60,68,8935,7,5,2002,2002,0,831,831,831,1660,2,3,7,2002,2,493,68,2009
60,60,7500,7,5,1999,1999,0,994,994,1028,1804,2,3,7,1999,2,442,60,2010
190,NA,32463,4,4,1961,1975,1159,90,1249,1622,1622,1,3,7,1975,4,1356,0,2007
160,24,2645,8,5,1999,2000,0,776,776,764,1441,2,2,5,1999,2,492,0,2007
50,60,9600,5,8,1925,1994,0,702,702,842,1472,1,3,6,1925,1,250,0,2007
120,NA,4500,6,5,1999,1999,883,341,1224,1224,1224,2,2,5,1999,2,402,304,2009
60,80,9364,6,7,1969,1969,371,292,663,663,1352,1,4,7,1969,1,299,36,2010
60,51,8029,6,5,2005,2005,0,728,728,728,1456,2,3,8,2005,2,400,24,2008
60,58,14054,7,5,2006,2006,0,879,879,879,1863,2,4,9,2006,3,660,17,2006
75,65,8850,7,6,1916,1950,0,815,815,815,1690,1,3,7,1916,1,225,0,2006
20,70,9100,7,5,2001,2001,0,1212,1212,1212,1212,2,3,6,2001,2,573,0,2009
20,75,11235,4,5,1963,1979,547,504,1051,1382,1382,1,3,6,1974,2,459,82,2006
20,71,9353,4,5,1970,1970,0,864,864,864,864,1,3,5,1972,1,280,0,2006
60,80,10400,7,5,1998,1998,0,866,866,866,1779,2,3,6,1998,2,546,36,2009
50,50,6000,5,8,1925,1997,0,884,884,884,1348,1,3,5,1960,1,216,0,2009
20,75,9750,7,5,2000,2001,0,1630,1630,1630,1630,2,3,6,2000,2,451,234,2009
20,78,10140,5,6,1975,1975,788,268,1056,1074,1074,1,3,6,1975,2,495,88,2006
20,90,14684,7,7,1990,1991,485,1496,2158,2196,2196,2,3,7,1990,3,701,70,2009
20,NA,8900,4,4,1966,1966,1056,0,1056,1056,1056,1,2,5,1966,1,384,42,2006
20,70,9135,6,5,2003,2003,340,1342,1682,1700,1700,2,3,7,2003,2,544,23,2006
20,70,7763,5,7,1962,1980,504,319,931,1283,1283,1,3,6,1980,2,506,0,2008
20,85,10182,8,5,2006,2006,1220,440,1660,1660,1660,2,3,8,2006,2,500,50,2006
60,70,11218,6,5,1992,1992,0,1055,1055,1055,1845,2,3,8,1992,2,462,104,2010
50,152,12134,8,7,1988,2005,427,132,559,1080,1752,2,4,8,1988,2,492,12,2010
30,50,9340,4,6,1941,1950,344,328,672,672,672,1,2,4,1941,1,234,113,2009
80,NA,10246,4,9,1965,2001,648,0,648,960,960,0,0,3,1965,1,364,0,2006
85,69,10205,5,5,1962,1962,784,141,925,999,999,1,3,6,1962,1,300,72,2006
20,99,7094,5,5,1966,1966,180,340,894,894,894,1,3,5,1966,1,384,0,2007
90,68,8930,6,5,1978,1978,0,0,0,1318,1902,2,4,8,1978,2,539,0,2010
20,72,8640,8,5,2009,2009,936,364,1300,1314,1314,2,3,6,2009,2,552,112,2009
50,52,6240,4,5,1947,1950,0,0,0,672,912,1,2,3,NA,0,0,0,2006
160,21,1680,6,5,1971,1971,0,672,672,672,1218,1,3,7,NA,0,0,0,2006
20,66,7800,5,5,1964,1964,312,0,912,912,912,1,2,5,1964,1,288,0,2006
20,55,8250,5,5,1968,1968,250,210,952,1211,1211,1,3,5,1968,1,322,63,2008
50,78,10496,6,6,1949,1950,196,844,1040,1168,1846,2,3,7,1949,1,315,0,2007
20,89,10680,5,3,1951,1951,756,1380,2136,2136,2136,2,4,7,1951,2,528,30,2006
60,60,15384,7,5,2004,2005,724,64,788,788,1490,2,3,8,2004,2,388,75,2008
80,65,10482,6,8,1958,1958,507,81,588,1138,1138,1,3,6,1958,1,264,0,2007
60,86,14598,6,5,2007,2007,0,894,894,894,1933,2,4,9,2007,3,668,18,2008
20,72,8872,5,8,1965,2008,595,317,912,912,912,1,2,5,1992,2,576,240,2008
120,65,8769,9,5,2008,2008,1540,162,1702,1702,1702,1,1,7,2008,3,1052,72,2008
80,70,7910,5,5,1960,1960,666,409,1075,1507,1507,2,4,7,1960,1,404,0,2008
90,NA,18890,5,5,1977,1977,498,652,1361,1361,2620,2,4,12,1977,2,600,24,2007
90,70,7728,5,6,1962,1962,803,303,1106,1190,1190,1,3,6,1962,2,540,18,2006
90,70,9842,4,5,1962,1962,0,0,0,1224,1224,2,2,6,1962,2,462,0,2007
20,NA,12160,5,5,1959,1959,1000,188,1188,1188,1188,1,3,6,1959,2,531,0,2010
70,55,8525,5,6,1911,1950,0,940,940,1024,1964,1,4,7,NA,0,0,192,2008
70,96,13132,5,5,1914,1950,0,747,747,892,1784,1,4,9,1914,1,180,40,2006
160,36,2628,7,5,2003,2003,0,764,764,764,1626,2,2,6,2003,2,474,27,2010
60,41,12393,7,5,2004,2005,0,847,847,847,1948,2,4,8,2004,2,434,48,2006
20,63,13072,6,5,2005,2005,0,1141,1141,1141,1141,1,3,6,2005,2,484,0,2006
20,64,9037,8,5,2006,2006,428,1048,1476,1484,1484,2,2,6,2006,2,472,33,2007
60,65,8158,7,5,2003,2003,550,334,884,884,1768,2,3,8,2003,2,543,63,2008
20,83,9849,7,6,2007,2007,0,1689,1689,1689,1689,2,3,7,2007,3,954,56,2007
85,85,10625,7,6,1974,1974,885,0,1053,1173,1173,2,3,6,1974,2,528,120,2010
20,107,13891,10,5,2006,2006,1386,690,2076,2076,2076,2,2,7,2006,3,850,229,2006
70,NA,11435,8,7,1929,1950,0,792,792,792,1517,1,3,7,1931,2,400,0,2006
80,78,12090,6,7,1984,2003,0,585,585,1140,1868,3,3,7,1984,2,477,112,2007
60,65,8125,7,5,2005,2006,0,756,756,756,1553,2,3,6,2005,2,615,45,2006
80,NA,12328,6,5,1976,1976,539,473,1012,1034,1034,1,3,6,1976,3,888,0,2010
75,60,9600,6,5,1917,1950,319,416,735,1134,2058,1,3,8,1950,2,396,0,2008
20,60,7200,5,7,1950,1950,534,246,876,988,988,1,3,6,1950,1,276,80,2007
20,93,11160,7,5,1968,1968,1065,1045,2110,2110,2110,2,3,8,1968,2,522,0,2010
120,NA,3136,7,5,2003,2003,0,1405,1405,1405,1405,2,2,6,2003,2,478,36,2006
20,62,9858,5,6,1968,1968,510,354,864,874,874,1,3,5,1968,1,288,0,2009
60,NA,17542,7,7,1974,2003,125,36,1192,1516,2167,2,3,9,1974,2,518,47,2007
60,60,6931,7,5,2003,2004,0,746,746,760,1656,2,3,7,2003,2,397,128,2008
50,52,6240,6,6,1931,1950,425,459,884,959,1367,1,3,6,1978,1,560,0,2007
20,91,14303,8,5,1994,1994,1314,672,1986,1987,1987,2,2,7,1994,2,691,36,2008
30,56,4060,5,8,1922,1950,0,864,864,864,864,1,2,4,NA,0,0,96,2009
80,59,9587,7,5,2005,2005,655,201,856,1166,1166,2,2,5,2005,2,400,0,2008
20,65,9750,6,8,1969,1969,602,14,1054,1054,1054,1,3,6,1969,2,460,0,2008
60,NA,24682,6,5,1999,1999,0,841,841,892,1675,2,3,7,1999,2,502,103,2009
20,80,9600,5,6,1956,1956,504,546,1050,1050,1050,1,2,5,1956,1,338,0,2009
50,NA,11250,4,5,1957,1989,0,1104,1104,1104,1788,1,5,8,1957,1,304,0,2009
70,60,13515,6,6,1919,1950,0,764,764,1060,1824,1,3,8,1940,2,520,0,2007
120,34,4060,6,5,1998,1999,266,1139,1405,1337,1337,2,2,5,1998,2,511,68,2008
160,35,3735,7,5,1999,1999,450,241,691,713,1452,2,3,6,1999,2,506,34,2006
190,60,10120,7,4,1910,1950,0,925,925,964,1889,1,4,9,1960,1,308,0,2007
20,89,13214,9,5,2008,2009,0,2002,2002,2018,2018,2,3,10,2009,3,746,76,2010
50,NA,14100,8,9,1935,1997,192,536,728,1968,3447,3,4,11,1982,3,1014,12,2008
50,78,11344,5,5,1958,1958,460,414,874,874,1524,1,3,7,1958,1,315,0,2007
40,NA,23595,7,6,1979,1979,1258,74,1332,1332,1524,0,0,4,1979,2,586,0,2010
20,NA,9156,6,7,1968,1968,0,1489,1489,1489,1489,2,3,7,1968,2,462,0,2009
20,NA,13526,5,6,1965,1965,560,0,935,935,935,1,3,5,1965,1,288,0,2006
80,124,11512,6,7,1959,2006,719,300,1019,1357,1357,1,2,5,1959,1,312,0,2008
50,53,5362,5,6,1910,2003,0,661,661,661,1250,2,3,8,1985,2,552,0,2007
90,95,11345,5,5,1948,1950,220,708,928,928,1920,2,4,10,1948,2,400,0,2007
60,NA,12936,6,6,1972,1972,593,130,723,735,1395,1,3,6,1972,2,497,116,2009
80,NA,17871,6,5,1967,1976,528,1152,1680,1724,1724,1,3,7,1967,2,480,0,2009
60,75,9473,8,5,2002,2002,804,324,1128,1128,2031,2,3,7,2002,2,577,211,2008
50,60,7500,4,4,1920,1950,0,698,698,698,1128,1,2,6,1980,2,528,0,2010
20,67,9808,7,5,2002,2002,788,785,1573,1573,1573,2,3,6,2002,2,544,72,2009
20,50,8049,7,5,1990,1990,1053,256,1309,1339,1339,2,2,6,1990,2,484,58,2006
20,61,8800,5,7,1977,2008,532,364,1040,1040,1040,2,3,5,1977,2,484,0,2009
90,94,9400,6,5,1971,1971,0,912,912,912,1824,2,4,8,NA,0,0,0,2010
50,50,9638,6,7,1919,1990,0,804,804,1699,2447,2,4,10,1969,1,336,0,2010
50,50,6000,6,6,1939,1950,0,780,780,825,1412,1,4,6,1939,1,280,0,2009
20,NA,9790,6,5,1963,1963,569,678,1328,1328,1328,1,3,6,1963,2,528,26,2010
20,NA,36500,5,5,1964,1964,812,812,1624,1582,1582,2,4,7,1964,2,390,198,2006
120,40,5664,8,5,2000,2000,1158,343,1501,1659,1659,2,2,5,2000,2,499,59,2009
60,86,11065,8,5,2006,2006,0,1085,1085,1120,1970,2,3,8,2006,3,753,74,2006
80,NA,14112,5,7,1964,1964,1014,138,1152,1152,1152,1,3,6,1964,2,484,0,2010
160,21,1680,5,7,1972,1972,231,399,630,630,1302,2,3,6,1972,1,264,0,2009
70,60,6600,5,4,1892,1965,0,994,994,1378,2372,2,4,11,1985,1,432,287,2009
60,78,10140,7,5,1976,1976,194,638,832,832,1664,2,4,8,1976,2,528,28,2006
20,60,8172,5,7,1955,1990,167,697,864,864,864,1,2,5,1957,2,572,0,2006
20,70,8400,5,5,1968,1968,1016,36,1052,1052,1052,1,3,5,1968,1,288,0,2006
20,80,8700,5,6,1963,1963,776,344,1120,1128,1128,2,3,6,1963,2,525,20,2008
180,35,3675,6,5,2005,2006,547,0,547,1072,1072,2,2,5,2005,2,525,44,2006
60,313,63887,10,5,2008,2008,5644,466,6110,4692,5642,2,3,12,2008,2,1418,292,2008
20,75,7500,5,7,1959,1994,340,0,1246,1246,1246,1,3,6,1959,1,305,0,2010
60,NA,10762,7,5,1999,1999,694,284,978,1005,1983,2,3,9,1999,2,490,0,2009
70,NA,7500,6,7,1942,1950,547,224,771,753,1494,1,3,7,1942,1,213,0,2009
60,92,10120,8,5,1994,1994,740,425,1165,1203,2526,2,4,8,1994,3,844,78,2006
20,73,8688,7,5,2005,2005,0,1616,1616,1616,1616,2,3,7,2005,3,834,59,2006
160,32,3363,7,5,2004,2004,0,976,976,976,1708,2,3,7,2004,2,380,40,2006
20,108,13173,9,5,2006,2007,1572,80,1652,1652,1652,2,2,6,2006,2,840,102,2009
120,48,6955,7,5,2005,2006,0,1368,1368,1368,1368,2,2,6,2005,2,474,35,2006
20,60,8072,5,5,1994,1995,746,244,990,990,990,1,3,5,2000,2,480,64,2009
20,100,12000,5,7,1948,2005,144,172,924,1122,1122,1,2,6,1948,2,528,36,2008
20,NA,7153,6,5,1991,1991,1200,78,1278,1294,1294,2,3,6,1991,2,496,51,2008
20,100,17500,7,8,1959,2002,1406,496,1902,1902,1902,2,3,7,1959,2,567,207,2010
20,68,8814,7,5,2005,2007,925,349,1274,1274,1274,2,3,6,2005,2,508,98,2007
60,NA,9572,8,5,1990,1990,482,971,1453,1453,2810,2,4,9,1990,2,750,0,2007
60,108,14774,9,5,1999,1999,0,1393,1393,1422,2599,2,4,10,1999,3,779,30,2010
20,60,8190,4,6,1954,1954,732,216,948,948,948,1,3,5,1956,1,280,36,2007
60,85,11075,6,5,1969,1969,500,176,952,1092,2112,2,4,9,1969,2,576,0,2008
20,61,10226,8,5,2008,2008,0,1622,1622,1630,1630,2,3,8,2008,3,860,42,2009
120,47,4230,7,5,2006,2007,0,1352,1352,1352,1352,2,2,5,2006,2,466,241,2007
20,NA,14781,8,5,2001,2002,0,1753,1753,1787,1787,2,3,7,2001,3,748,150,2006
20,75,10215,4,5,1954,1954,492,372,864,948,948,1,3,5,1954,1,248,0,2007
20,70,8400,6,3,1957,1957,189,628,1478,1478,1478,1,3,6,1957,2,442,0,2009
20,NA,6627,3,6,1949,1950,0,0,0,720,720,1,2,4,1955,1,287,0,2008
60,107,10186,7,5,1992,1992,674,76,750,1061,1923,2,3,8,1992,2,564,39,2010
30,50,5330,4,7,1940,1950,280,140,420,708,708,1,2,5,NA,0,0,0,2009
20,75,9986,8,5,2006,2007,0,1795,1795,1795,1795,2,2,7,2007,3,895,49,2007
30,40,3636,4,4,1922,1950,0,796,796,796,796,1,2,5,NA,0,0,0,2008
30,70,4270,3,6,1931,2006,544,0,544,774,774,1,3,6,NA,0,0,0,2007
20,60,6600,5,9,1982,2008,641,175,816,816,816,1,3,5,1982,1,264,0,2008
50,60,10440,6,7,1920,1950,493,1017,1510,1584,2792,2,5,8,1920,2,520,547,2008
60,63,9084,7,5,1998,1998,0,935,935,955,1632,2,3,8,1998,2,462,28,2006
20,85,10000,8,5,2006,2006,0,1588,1588,1588,1588,2,3,7,2006,3,825,45,2007
80,55,10780,5,5,1976,1976,483,428,911,954,954,1,3,6,1976,2,576,0,2006
20,67,8877,4,6,1938,1958,690,126,816,816,816,1,2,3,1958,1,288,0,2009
50,60,7200,5,6,1938,1995,0,803,803,803,1360,1,2,6,1951,1,297,65,2006
160,24,2368,5,6,1970,1970,765,0,765,765,1365,1,3,7,1970,2,440,36,2009
20,80,9650,6,5,1977,1977,686,664,1350,1334,1334,2,2,6,1977,2,630,16,2009
90,87,9246,5,5,1973,1973,0,1656,1656,1656,1656,2,4,8,1973,2,506,211,2008
30,153,4118,4,4,1941,1950,0,693,693,693,693,1,2,4,NA,0,0,20,2006
60,95,13450,7,5,2002,2002,700,216,916,920,1861,2,3,8,2002,2,492,91,2006
20,120,9560,5,7,1972,1972,360,504,864,864,864,1,3,5,1972,1,288,0,2006
20,70,8294,4,5,1971,1971,0,858,858,872,872,1,3,5,1974,4,480,0,2007
20,66,13695,6,5,2003,2004,814,300,1114,1114,1114,1,3,6,2004,2,576,78,2008
60,NA,9375,8,5,2002,2002,0,1284,1284,1284,2169,2,3,7,2002,2,647,87,2007
50,57,7558,6,6,1928,1950,0,896,896,1172,1913,1,3,9,1929,2,342,0,2009
60,85,11103,7,5,2006,2006,0,728,728,728,1456,2,3,8,2006,2,440,0,2007
30,50,6000,4,4,1920,1950,250,710,960,960,960,1,2,5,1997,1,308,0,2007
20,NA,20781,7,7,1968,2003,297,1203,1568,2156,2156,2,3,9,1968,2,508,80,2006
20,93,15306,8,5,2006,2007,80,1652,1732,1776,1776,2,3,7,2006,3,712,0,2007
20,NA,16196,7,5,1998,1998,1443,39,1482,1494,1494,2,3,5,1998,2,514,25,2007
70,50,5250,8,5,1872,1987,259,425,684,938,2358,2,4,8,NA,0,0,54,2008
90,91,11643,5,5,1969,1969,500,748,1248,1338,2634,2,6,12,1969,4,968,0,2009
60,70,9247,6,6,1962,1962,319,539,858,858,1716,1,4,8,1962,2,490,84,2008
50,50,6000,6,9,1937,2000,0,698,698,786,1176,1,2,4,1999,2,624,0,2009
50,56,14720,8,5,1995,1996,816,1217,2033,2053,3238,2,4,9,1996,3,666,86,2010
60,NA,10316,7,5,2000,2000,735,257,992,992,1865,2,3,7,2000,3,839,184,2008
80,102,10192,7,6,1968,1992,0,570,570,1222,1920,3,4,8,1968,2,487,98,2006
20,NA,9477,5,5,1966,1966,340,524,864,892,892,1,3,5,1966,1,264,0,2008
20,NA,12537,5,6,1971,2008,734,344,1078,1078,1078,1,3,6,1971,2,500,0,2010
160,NA,2117,6,5,2000,2000,378,378,756,769,1573,2,3,5,2000,2,440,32,2010
20,129,16737,9,5,2004,2005,1447,533,1980,1980,1980,2,3,8,2004,3,770,45,2006
70,51,9842,5,6,1921,1998,0,612,612,990,2601,3,4,8,1998,2,621,0,2008
20,124,16158,7,5,2005,2005,1274,256,1530,1530,1530,2,3,7,2005,2,430,36,2009
50,NA,12513,4,4,1920,2007,0,715,715,1281,1738,2,4,7,1920,1,368,0,2009
60,73,8499,6,5,2006,2007,0,616,616,616,1412,2,3,6,2007,2,432,36,2007
160,30,3180,7,5,2005,2005,0,600,600,520,1200,2,2,4,2005,2,480,166,2006
60,NA,7500,7,5,2000,2000,533,281,814,814,1674,2,3,7,2000,2,663,96,2010
60,68,9179,7,5,1999,1999,633,240,873,882,1790,2,3,7,1999,2,588,88,2008
160,41,2665,5,6,1977,1977,548,36,757,925,1475,2,4,6,1977,1,336,26,2006
120,NA,4435,6,5,2003,2004,685,163,848,848,848,1,1,4,2003,2,420,0,2009
20,48,10635,8,5,2003,2003,370,315,1657,1668,1668,2,3,8,2003,2,502,262,2010
50,90,5400,4,6,1920,1950,315,420,840,840,1374,1,2,6,1967,1,338,0,2009
80,80,9600,6,6,1955,1996,831,161,992,1661,1661,1,3,8,1955,1,377,28,2008
60,75,9750,7,6,1998,1998,975,133,1108,1108,2097,2,3,8,1998,2,583,170,2006
20,NA,11400,10,5,2001,2002,1282,1351,2633,2633,2633,2,2,8,2001,3,804,140,2007
60,85,10625,7,5,2005,2005,0,1026,1026,1026,1958,2,3,9,2005,3,936,210,2008
20,89,10991,8,5,2007,2007,0,1571,1571,1571,1571,2,3,7,2007,3,722,36,2007
30,52,6292,6,5,1930,1950,384,384,768,790,790,1,2,4,1925,1,160,141,2008
50,60,10998,5,5,1941,1960,408,156,984,984,1604,2,3,6,1977,2,660,68,2009
160,21,1953,6,5,1973,1973,309,174,483,483,987,1,2,5,1973,1,264,0,2006
80,73,9735,5,5,2006,2007,0,384,384,754,1394,2,3,7,2007,2,400,0,2008
30,45,8212,3,3,1914,1950,203,661,864,864,864,1,2,5,1938,1,200,0,2010
20,NA,12925,6,7,1970,1970,865,340,1205,2117,2117,2,4,7,1970,2,550,42,2008
70,60,7200,7,7,1920,1950,0,596,596,998,1762,1,4,8,1989,2,576,0,2006
30,NA,25339,5,7,1918,2007,0,816,816,1416,1416,2,3,7,2007,2,576,0,2007
50,60,9060,6,5,1939,1950,204,356,560,698,1258,1,2,6,1939,1,280,0,2009
50,40,5436,4,8,1922,2007,735,61,796,796,1154,1,3,7,1922,1,240,96,2010
60,80,16692,7,5,1978,1978,790,133,1392,1392,2784,3,5,12,1978,2,564,112,2006
50,60,8520,6,7,1916,1950,168,0,714,1664,2526,2,5,10,1916,1,216,15,2007
20,42,14892,9,5,2006,2007,1320,426,1746,1746,1746,2,3,7,2006,3,758,39,2009
50,60,6000,6,6,1941,1950,375,360,735,869,1218,1,3,6,2003,2,440,0,2007
20,70,9100,7,5,2000,2000,1400,125,1525,1525,1525,2,3,6,2000,2,541,36,2006
90,65,8944,5,5,1967,1967,0,1584,1584,1584,1584,2,4,8,1967,3,792,152,2009
85,68,7838,5,5,1967,1967,769,95,864,900,900,1,3,6,1967,1,288,144,2006
190,60,10800,6,7,1905,2000,0,482,482,1221,1912,2,3,7,2003,2,672,25,2008
120,53,4045,7,5,2006,2006,1070,286,1356,1500,1500,2,2,6,2006,3,648,20,2006
60,88,12665,8,5,2005,2006,0,1094,1094,1133,2482,2,4,9,2005,3,642,39,2007
20,NA,57200,5,5,1948,1950,353,60,747,1687,1687,1,3,7,1966,2,572,0,2010
70,51,6120,5,8,1920,2004,0,939,939,939,1513,1,4,8,1933,1,180,0,2007
50,60,7200,5,4,1950,1982,180,676,1208,1136,1904,1,3,7,1950,1,240,0,2009
50,51,6171,6,6,1925,1990,264,712,976,1160,1608,2,3,7,1925,1,216,16,2009
50,50,6000,6,7,1929,1950,0,862,862,950,1158,1,3,5,1929,1,208,0,2008
60,62,7415,6,5,2004,2004,759,80,839,864,1593,2,3,8,2004,2,398,75,2008
20,64,6762,7,5,2006,2006,0,1286,1286,1294,1294,2,2,6,2006,2,662,55,2006
20,49,15256,8,5,2007,2007,929,556,1485,1464,1464,2,3,6,2007,3,754,160,2007
50,60,10410,3,4,1915,1950,0,672,672,694,1214,1,3,6,1998,3,936,0,2006
120,44,3842,8,5,2004,2005,1373,221,1594,1646,1646,2,2,5,2004,2,482,53,2008
85,70,8445,5,7,1972,2007,656,112,768,768,768,1,2,5,1988,2,396,0,2009
20,NA,8780,5,5,1985,1985,625,208,833,833,833,1,3,5,NA,0,0,0,2009
70,60,7740,4,7,1910,1950,0,622,622,741,1363,1,3,6,1966,2,528,0,2010
60,46,20544,7,6,1986,1991,0,791,791,1236,2093,2,3,7,1986,2,542,63,2008
60,79,12420,7,5,2001,2001,666,278,944,944,1840,2,3,6,2001,2,622,45,2009
50,80,9600,6,8,1950,2005,120,736,856,1112,1668,1,3,6,1950,1,271,0,2009
90,60,7200,4,5,1949,1950,0,0,0,1040,1040,2,2,6,1956,2,420,0,2009
20,88,10994,8,5,2005,2006,976,868,1844,1844,1844,2,2,7,2005,2,620,44,2009
50,64,13053,6,7,1923,2000,0,833,833,1053,1848,1,4,8,1922,2,370,0,2008
120,51,3635,7,5,2007,2007,988,398,1386,1569,1569,2,1,7,2007,3,660,20,2009
190,60,11340,4,6,1885,1950,0,777,777,1246,2290,2,4,11,1971,2,560,0,2010
60,NA,16545,8,5,1998,1998,781,503,1284,1310,2450,2,3,7,1998,3,1069,126,2009
20,71,9204,5,5,1963,1963,25,247,1144,1144,1144,1,3,6,1962,1,336,88,2008
20,NA,16381,6,5,1969,1969,1110,734,1844,1844,1844,2,3,7,1969,2,540,73,2006
60,90,11700,6,6,1968,1968,404,304,708,708,1416,2,3,7,1968,2,776,169,2006
120,53,4043,6,5,1977,1977,360,709,1069,1069,1069,2,2,4,1977,2,440,55,2010
120,37,4435,6,5,2003,2003,686,162,848,848,848,1,1,3,2003,2,420,0,2008
80,NA,19690,6,7,1966,1966,0,697,697,1575,2201,2,4,8,1966,2,432,236,2006
20,NA,9503,5,5,1958,1983,457,193,1024,1344,1344,1,2,6,1970,1,484,28,2007
20,80,10721,6,6,1959,1959,0,1252,1252,1252,1252,1,3,7,1960,2,528,39,2008
60,81,10944,7,5,1994,1994,1000,223,1223,1223,2127,2,3,5,1994,2,525,132,2008
50,60,10930,5,6,1945,1950,580,333,913,1048,1558,1,3,6,1962,1,288,0,2008
30,60,7200,5,7,1940,1992,510,278,788,804,804,1,2,4,1940,1,240,0,2010
20,NA,12546,6,7,1981,1981,678,762,1440,1440,1440,2,3,7,1981,2,467,0,2007
60,60,21930,5,5,2005,2005,0,732,732,734,1838,2,4,7,2005,2,372,40,2006
120,NA,4928,6,6,1976,1976,958,0,958,958,958,2,2,5,1976,2,440,60,2009
30,60,10800,4,6,1927,2007,0,656,656,968,968,2,4,5,1928,1,216,0,2007
60,93,10261,6,5,2000,2000,0,936,936,962,1792,2,3,8,2000,2,451,0,2008
20,80,17400,5,5,1977,1977,936,190,1126,1126,1126,2,3,5,1977,2,484,41,2006
20,80,8400,6,9,1962,2005,0,1319,1319,1537,1537,1,3,7,1962,2,462,36,2008
20,60,9000,4,6,1971,1971,616,248,864,864,864,1,3,5,1974,2,528,0,2007
20,96,12444,8,5,2008,2008,1336,596,1932,1932,1932,2,2,7,2008,3,774,66,2008
20,90,7407,6,7,1957,1996,600,312,912,1236,1236,1,2,6,1957,2,923,158,2010
60,80,11584,7,6,1979,1979,315,114,539,1040,1725,2,3,6,1979,2,550,88,2007
70,79,11526,6,7,1922,1994,0,588,588,1423,2555,2,3,11,1993,2,672,0,2008
120,NA,4426,6,5,2004,2004,697,151,848,848,848,1,1,3,2004,2,420,0,2008
60,85,11003,10,5,2008,2008,765,252,1017,1026,2007,2,3,10,2008,3,812,52,2009
30,NA,8854,6,6,1916,1950,0,952,952,952,952,1,2,4,1916,1,192,98,2009
20,63,8500,7,5,2004,2004,0,1422,1422,1422,1422,2,3,7,2004,2,626,60,2007
85,70,8400,6,5,1966,1966,187,0,814,913,913,1,3,6,1990,1,240,0,2007
20,NA,26142,5,7,1962,1962,593,595,1188,1188,1188,1,3,6,1962,1,312,39,2010
60,80,10000,8,5,1995,1996,1079,141,1220,1220,2090,2,3,8,1995,2,556,65,2007
50,70,11767,4,7,1910,2000,0,560,560,796,1346,1,2,6,1950,1,384,24,2007
180,21,1533,5,7,1970,1970,553,77,630,630,630,1,1,3,NA,0,0,0,2006
90,60,9000,5,5,1974,1974,0,896,896,896,1792,2,4,8,NA,0,0,45,2009
20,78,9262,8,5,2008,2009,0,1573,1573,1578,1578,2,3,7,2008,3,840,36,2009
180,35,3675,5,5,2005,2005,547,0,547,1072,1072,1,2,5,2005,2,525,28,2006
20,90,17217,5,5,2006,2006,0,1140,1140,1140,1140,1,3,6,NA,0,0,56,2006
20,62,7500,7,5,2004,2005,410,811,1221,1221,1221,2,2,6,2004,2,400,113,2009
60,62,7917,6,5,1999,2000,0,953,953,953,1647,2,3,7,1999,2,460,40,2007
20,85,13175,6,6,1978,1988,790,589,1542,2073,2073,2,3,7,1978,2,500,0,2010
70,66,9042,7,9,1941,2006,275,877,1152,1188,2340,2,4,9,1941,1,252,60,2010
20,68,9717,5,6,1950,1996,49,0,1078,1078,1078,1,2,5,1950,1,240,0,2010
20,75,9937,5,6,1965,1965,830,136,1256,1256,1256,1,3,6,1965,1,276,68,2008
